File,PSNR,SSIM,Time
1 (1).jpg,29.969138192596255,0.6941460408055874,4.604267358779907
1.jpg,28.614632316794925,0.6216795175144648,267.08263969421387
