File,PSNR,SSIM,Time
1 (1).jpg,29.238425140435446,0.6963696789112302,5.0219104290008545
1.jpg,27.660569435915633,0.6136855676076284,955.185830116272
